exp first iter,ret
sft8B,1.298791111
sft3B,1.841040744
sftgrpo3B,1.121358975
sftgrpo8B,1.711045714
llama8B,0.993942112
llama3B,0.99574845
